image,detected,num_hands,selected_hand,is_right,mean_err_px,median_err_px,rmse_err_px,min_err_px,max_err_px,max_err_joint,csv,overlay
sample_0000_right_ZY20210800001_H1_C1_N19_S100_s02_T1_f000000.jpg,True,1,0,True,24.007985672035176,19.936638150152568,31.993098042750844,1.203019626758968,81.89867973128062,20,hoi4d_samples2/renderegomano_ego2_best_vs_gt_2djoints/csv/sample_0000_right_ZY20210800001_H1_C1_N19_S100_s02_T1_f000000_wilor_vs_gt.csv,hoi4d_samples2/renderegomano_ego2_best_vs_gt_2djoints/overlays/sample_0000_right_ZY20210800001_H1_C1_N19_S100_s02_T1_f000000_wilor_vs_gt.jpg
sample_0001_right_ZY20210800001_H1_C1_N19_S100_s02_T1_f000042.jpg,True,1,0,True,28.92388110976803,24.86688682171832,34.706691301852054,4.393343511501735,76.84797340558464,16,hoi4d_samples2/renderegomano_ego2_best_vs_gt_2djoints/csv/sample_0001_right_ZY20210800001_H1_C1_N19_S100_s02_T1_f000042_wilor_vs_gt.csv,hoi4d_samples2/renderegomano_ego2_best_vs_gt_2djoints/overlays/sample_0001_right_ZY20210800001_H1_C1_N19_S100_s02_T1_f000042_wilor_vs_gt.jpg
sample_0002_right_ZY20210800001_H1_C1_N19_S100_s02_T1_f000085.jpg,True,1,0,True,21.02689606320486,22.319752697922787,22.801447932948086,7.59531160793876,40.23664890071818,20,hoi4d_samples2/renderegomano_ego2_best_vs_gt_2djoints/csv/sample_0002_right_ZY20210800001_H1_C1_N19_S100_s02_T1_f000085_wilor_vs_gt.csv,hoi4d_samples2/renderegomano_ego2_best_vs_gt_2djoints/overlays/sample_0002_right_ZY20210800001_H1_C1_N19_S100_s02_T1_f000085_wilor_vs_gt.jpg
sample_0003_right_ZY20210800001_H1_C1_N19_S100_s02_T1_f000128.jpg,True,1,0,True,24.242509977600484,25.126016139378436,26.24439579174549,4.859495229322328,43.790208589016366,20,hoi4d_samples2/renderegomano_ego2_best_vs_gt_2djoints/csv/sample_0003_right_ZY20210800001_H1_C1_N19_S100_s02_T1_f000128_wilor_vs_gt.csv,hoi4d_samples2/renderegomano_ego2_best_vs_gt_2djoints/overlays/sample_0003_right_ZY20210800001_H1_C1_N19_S100_s02_T1_f000128_wilor_vs_gt.jpg
sample_0004_right_ZY20210800001_H1_C1_N19_S100_s02_T1_f000170.jpg,True,1,0,True,14.814591233639332,15.355999236064187,16.542056531553293,1.3893157188052698,29.23844728492782,20,hoi4d_samples2/renderegomano_ego2_best_vs_gt_2djoints/csv/sample_0004_right_ZY20210800001_H1_C1_N19_S100_s02_T1_f000170_wilor_vs_gt.csv,hoi4d_samples2/renderegomano_ego2_best_vs_gt_2djoints/overlays/sample_0004_right_ZY20210800001_H1_C1_N19_S100_s02_T1_f000170_wilor_vs_gt.jpg
sample_0005_right_ZY20210800001_H1_C2_N11_S212_s03_T2_f000019.jpg,False,0,,,,,,,,,,
sample_0006_right_ZY20210800001_H1_C2_N11_S212_s03_T2_f000054.jpg,True,1,0,True,19.327024834904837,15.247990562913515,23.584705480333643,4.547918256139965,61.39360626052641,20,hoi4d_samples2/renderegomano_ego2_best_vs_gt_2djoints/csv/sample_0006_right_ZY20210800001_H1_C2_N11_S212_s03_T2_f000054_wilor_vs_gt.csv,hoi4d_samples2/renderegomano_ego2_best_vs_gt_2djoints/overlays/sample_0006_right_ZY20210800001_H1_C2_N11_S212_s03_T2_f000054_wilor_vs_gt.jpg
sample_0007_right_ZY20210800001_H1_C2_N11_S212_s03_T2_f000089.jpg,True,1,0,True,42.45298349663621,40.996343234849206,46.76022596804203,14.045123937386926,74.15936502035078,16,hoi4d_samples2/renderegomano_ego2_best_vs_gt_2djoints/csv/sample_0007_right_ZY20210800001_H1_C2_N11_S212_s03_T2_f000089_wilor_vs_gt.csv,hoi4d_samples2/renderegomano_ego2_best_vs_gt_2djoints/overlays/sample_0007_right_ZY20210800001_H1_C2_N11_S212_s03_T2_f000089_wilor_vs_gt.jpg
sample_0008_right_ZY20210800001_H1_C2_N11_S212_s03_T2_f000124.jpg,True,1,0,True,36.41756743771295,30.422257958381312,44.359605018711626,5.137380151267276,92.44530851186336,20,hoi4d_samples2/renderegomano_ego2_best_vs_gt_2djoints/csv/sample_0008_right_ZY20210800001_H1_C2_N11_S212_s03_T2_f000124_wilor_vs_gt.csv,hoi4d_samples2/renderegomano_ego2_best_vs_gt_2djoints/overlays/sample_0008_right_ZY20210800001_H1_C2_N11_S212_s03_T2_f000124_wilor_vs_gt.jpg
sample_0009_right_ZY20210800001_H1_C2_N11_S212_s03_T2_f000159.jpg,True,1,0,True,30.6862329015788,26.766022729688302,36.830533827990905,5.983545346991326,80.48183053173163,16,hoi4d_samples2/renderegomano_ego2_best_vs_gt_2djoints/csv/sample_0009_right_ZY20210800001_H1_C2_N11_S212_s03_T2_f000159_wilor_vs_gt.csv,hoi4d_samples2/renderegomano_ego2_best_vs_gt_2djoints/overlays/sample_0009_right_ZY20210800001_H1_C2_N11_S212_s03_T2_f000159_wilor_vs_gt.jpg
sample_0010_right_ZY20210800001_H1_C3_N01_S54_s05_T2_f000000.jpg,True,1,0,True,14.027760276523876,12.739267586835545,15.929318746768798,3.079409938654309,27.32980116704731,12,hoi4d_samples2/renderegomano_ego2_best_vs_gt_2djoints/csv/sample_0010_right_ZY20210800001_H1_C3_N01_S54_s05_T2_f000000_wilor_vs_gt.csv,hoi4d_samples2/renderegomano_ego2_best_vs_gt_2djoints/overlays/sample_0010_right_ZY20210800001_H1_C3_N01_S54_s05_T2_f000000_wilor_vs_gt.jpg
sample_0011_right_ZY20210800001_H1_C3_N01_S54_s05_T2_f000041.jpg,True,1,0,True,19.638191981412337,15.355279749195029,22.681561549989514,1.0610175870800422,41.53054526803376,20,hoi4d_samples2/renderegomano_ego2_best_vs_gt_2djoints/csv/sample_0011_right_ZY20210800001_H1_C3_N01_S54_s05_T2_f000041_wilor_vs_gt.csv,hoi4d_samples2/renderegomano_ego2_best_vs_gt_2djoints/overlays/sample_0011_right_ZY20210800001_H1_C3_N01_S54_s05_T2_f000041_wilor_vs_gt.jpg
sample_0012_right_ZY20210800001_H1_C3_N01_S54_s05_T2_f000091.jpg,True,1,0,True,25.16534277025097,23.279309968955083,28.260067765831483,2.9420517603222938,60.634240169432495,4,hoi4d_samples2/renderegomano_ego2_best_vs_gt_2djoints/csv/sample_0012_right_ZY20210800001_H1_C3_N01_S54_s05_T2_f000091_wilor_vs_gt.csv,hoi4d_samples2/renderegomano_ego2_best_vs_gt_2djoints/overlays/sample_0012_right_ZY20210800001_H1_C3_N01_S54_s05_T2_f000091_wilor_vs_gt.jpg
sample_0013_right_ZY20210800001_H1_C3_N01_S54_s05_T2_f000133.jpg,True,1,0,True,19.48937779451717,17.453699620724745,21.60450042202823,4.816566495557749,38.13435033012825,2,hoi4d_samples2/renderegomano_ego2_best_vs_gt_2djoints/csv/sample_0013_right_ZY20210800001_H1_C3_N01_S54_s05_T2_f000133_wilor_vs_gt.csv,hoi4d_samples2/renderegomano_ego2_best_vs_gt_2djoints/overlays/sample_0013_right_ZY20210800001_H1_C3_N01_S54_s05_T2_f000133_wilor_vs_gt.jpg
sample_0014_right_ZY20210800001_H1_C3_N01_S54_s05_T2_f000174.jpg,True,1,0,True,18.26146312655349,13.611693149247655,21.27530246899925,0.9102077735593709,38.956459966303626,4,hoi4d_samples2/renderegomano_ego2_best_vs_gt_2djoints/csv/sample_0014_right_ZY20210800001_H1_C3_N01_S54_s05_T2_f000174_wilor_vs_gt.csv,hoi4d_samples2/renderegomano_ego2_best_vs_gt_2djoints/overlays/sample_0014_right_ZY20210800001_H1_C3_N01_S54_s05_T2_f000174_wilor_vs_gt.jpg
sample_0015_right_ZY20210800001_H1_C5_N15_S57_s03_T1_f000022.jpg,False,0,,,,,,,,,,
sample_0016_right_ZY20210800001_H1_C5_N15_S57_s03_T1_f000061.jpg,True,1,0,True,26.144996848245402,19.81602531200809,32.827761747283034,3.7381204193819366,80.45861490384499,16,hoi4d_samples2/renderegomano_ego2_best_vs_gt_2djoints/csv/sample_0016_right_ZY20210800001_H1_C5_N15_S57_s03_T1_f000061_wilor_vs_gt.csv,hoi4d_samples2/renderegomano_ego2_best_vs_gt_2djoints/overlays/sample_0016_right_ZY20210800001_H1_C5_N15_S57_s03_T1_f000061_wilor_vs_gt.jpg
sample_0017_right_ZY20210800001_H1_C5_N15_S57_s03_T1_f000101.jpg,True,1,0,True,33.185125176258936,27.56618014271687,38.20883365239687,9.258602730105562,86.68498096651356,20,hoi4d_samples2/renderegomano_ego2_best_vs_gt_2djoints/csv/sample_0017_right_ZY20210800001_H1_C5_N15_S57_s03_T1_f000101_wilor_vs_gt.csv,hoi4d_samples2/renderegomano_ego2_best_vs_gt_2djoints/overlays/sample_0017_right_ZY20210800001_H1_C5_N15_S57_s03_T1_f000101_wilor_vs_gt.jpg
sample_0018_right_ZY20210800001_H1_C5_N15_S57_s03_T1_f000140.jpg,True,1,0,True,40.48898159451695,34.69084909097127,46.6243439503119,8.917125328882289,98.8516546980213,20,hoi4d_samples2/renderegomano_ego2_best_vs_gt_2djoints/csv/sample_0018_right_ZY20210800001_H1_C5_N15_S57_s03_T1_f000140_wilor_vs_gt.csv,hoi4d_samples2/renderegomano_ego2_best_vs_gt_2djoints/overlays/sample_0018_right_ZY20210800001_H1_C5_N15_S57_s03_T1_f000140_wilor_vs_gt.jpg
sample_0019_right_ZY20210800001_H1_C5_N15_S57_s03_T1_f000180.jpg,True,1,0,True,36.53128922881638,31.384010392741082,41.322611070526,7.855088524932707,89.70734936661712,8,hoi4d_samples2/renderegomano_ego2_best_vs_gt_2djoints/csv/sample_0019_right_ZY20210800001_H1_C5_N15_S57_s03_T1_f000180_wilor_vs_gt.csv,hoi4d_samples2/renderegomano_ego2_best_vs_gt_2djoints/overlays/sample_0019_right_ZY20210800001_H1_C5_N15_S57_s03_T1_f000180_wilor_vs_gt.jpg
sample_0020_right_ZY20210800001_H1_C7_N11_S270_s03_T1_f000020.jpg,False,0,,,,,,,,,,
sample_0021_right_ZY20210800001_H1_C7_N11_S270_s03_T1_f000055.jpg,True,1,0,True,20.437823563300398,20.632441796584033,22.436633749058696,1.2668180038120482,39.869999041496605,8,hoi4d_samples2/renderegomano_ego2_best_vs_gt_2djoints/csv/sample_0021_right_ZY20210800001_H1_C7_N11_S270_s03_T1_f000055_wilor_vs_gt.csv,hoi4d_samples2/renderegomano_ego2_best_vs_gt_2djoints/overlays/sample_0021_right_ZY20210800001_H1_C7_N11_S270_s03_T1_f000055_wilor_vs_gt.jpg
sample_0022_right_ZY20210800001_H1_C7_N11_S270_s03_T1_f000091.jpg,True,1,0,True,28.2597207852533,25.503555276739963,31.159613182311848,5.567749576435178,52.35161798489461,16,hoi4d_samples2/renderegomano_ego2_best_vs_gt_2djoints/csv/sample_0022_right_ZY20210800001_H1_C7_N11_S270_s03_T1_f000091_wilor_vs_gt.csv,hoi4d_samples2/renderegomano_ego2_best_vs_gt_2djoints/overlays/sample_0022_right_ZY20210800001_H1_C7_N11_S270_s03_T1_f000091_wilor_vs_gt.jpg
sample_0023_right_ZY20210800001_H1_C7_N11_S270_s03_T1_f000126.jpg,True,1,0,True,32.64478989737651,36.87988346422585,35.653807874840545,7.076407244382236,53.090100945607624,16,hoi4d_samples2/renderegomano_ego2_best_vs_gt_2djoints/csv/sample_0023_right_ZY20210800001_H1_C7_N11_S270_s03_T1_f000126_wilor_vs_gt.csv,hoi4d_samples2/renderegomano_ego2_best_vs_gt_2djoints/overlays/sample_0023_right_ZY20210800001_H1_C7_N11_S270_s03_T1_f000126_wilor_vs_gt.jpg
sample_0024_right_ZY20210800001_H1_C7_N11_S270_s03_T1_f000173.jpg,True,1,0,True,25.22213702813057,16.276542748685245,30.853556751797655,3.948990550178534,61.83667656983366,16,hoi4d_samples2/renderegomano_ego2_best_vs_gt_2djoints/csv/sample_0024_right_ZY20210800001_H1_C7_N11_S270_s03_T1_f000173_wilor_vs_gt.csv,hoi4d_samples2/renderegomano_ego2_best_vs_gt_2djoints/overlays/sample_0024_right_ZY20210800001_H1_C7_N11_S270_s03_T1_f000173_wilor_vs_gt.jpg
sample_0025_right_ZY20210800001_H1_C12_N11_S169_s03_T1_f000032.jpg,False,0,,,,,,,,,,
sample_0026_right_ZY20210800001_H1_C12_N11_S169_s03_T1_f000065.jpg,True,1,0,True,14.218468498756275,13.109044399344008,15.966732936601677,2.7705352910924295,30.371788745299995,2,hoi4d_samples2/renderegomano_ego2_best_vs_gt_2djoints/csv/sample_0026_right_ZY20210800001_H1_C12_N11_S169_s03_T1_f000065_wilor_vs_gt.csv,hoi4d_samples2/renderegomano_ego2_best_vs_gt_2djoints/overlays/sample_0026_right_ZY20210800001_H1_C12_N11_S169_s03_T1_f000065_wilor_vs_gt.jpg
sample_0027_right_ZY20210800001_H1_C12_N11_S169_s03_T1_f000098.jpg,True,1,0,True,46.84539123917973,39.20130478863641,53.767705267045244,11.203036942395292,102.82358849118575,16,hoi4d_samples2/renderegomano_ego2_best_vs_gt_2djoints/csv/sample_0027_right_ZY20210800001_H1_C12_N11_S169_s03_T1_f000098_wilor_vs_gt.csv,hoi4d_samples2/renderegomano_ego2_best_vs_gt_2djoints/overlays/sample_0027_right_ZY20210800001_H1_C12_N11_S169_s03_T1_f000098_wilor_vs_gt.jpg
sample_0028_right_ZY20210800001_H1_C12_N11_S169_s03_T1_f000131.jpg,True,1,0,True,36.81050063051797,35.03573923607343,42.26689818898497,7.23664028302679,74.92775028698829,16,hoi4d_samples2/renderegomano_ego2_best_vs_gt_2djoints/csv/sample_0028_right_ZY20210800001_H1_C12_N11_S169_s03_T1_f000131_wilor_vs_gt.csv,hoi4d_samples2/renderegomano_ego2_best_vs_gt_2djoints/overlays/sample_0028_right_ZY20210800001_H1_C12_N11_S169_s03_T1_f000131_wilor_vs_gt.jpg
sample_0029_right_ZY20210800001_H1_C12_N11_S169_s03_T1_f000190.jpg,False,0,,,,,,,,,,
sample_0030_right_ZY20210800001_H1_C13_N11_S132_s03_T1_f000026.jpg,False,0,,,,,,,,,,
sample_0031_right_ZY20210800001_H1_C13_N11_S132_s03_T1_f000059.jpg,True,1,0,True,22.295045625668585,17.966616722126,25.60841867373146,3.277728453166996,44.31290514403315,4,hoi4d_samples2/renderegomano_ego2_best_vs_gt_2djoints/csv/sample_0031_right_ZY20210800001_H1_C13_N11_S132_s03_T1_f000059_wilor_vs_gt.csv,hoi4d_samples2/renderegomano_ego2_best_vs_gt_2djoints/overlays/sample_0031_right_ZY20210800001_H1_C13_N11_S132_s03_T1_f000059_wilor_vs_gt.jpg
sample_0032_right_ZY20210800001_H1_C13_N11_S132_s03_T1_f000093.jpg,True,1,0,True,29.700458239097316,22.82302750608138,35.49859221825804,2.848029982082865,71.14613927818283,20,hoi4d_samples2/renderegomano_ego2_best_vs_gt_2djoints/csv/sample_0032_right_ZY20210800001_H1_C13_N11_S132_s03_T1_f000093_wilor_vs_gt.csv,hoi4d_samples2/renderegomano_ego2_best_vs_gt_2djoints/overlays/sample_0032_right_ZY20210800001_H1_C13_N11_S132_s03_T1_f000093_wilor_vs_gt.jpg
sample_0033_right_ZY20210800001_H1_C13_N11_S132_s03_T1_f000127.jpg,True,1,0,True,28.28223677984001,21.44295221526428,35.63565582851106,1.0776324667455655,78.00879385824685,16,hoi4d_samples2/renderegomano_ego2_best_vs_gt_2djoints/csv/sample_0033_right_ZY20210800001_H1_C13_N11_S132_s03_T1_f000127_wilor_vs_gt.csv,hoi4d_samples2/renderegomano_ego2_best_vs_gt_2djoints/overlays/sample_0033_right_ZY20210800001_H1_C13_N11_S132_s03_T1_f000127_wilor_vs_gt.jpg
sample_0034_right_ZY20210800001_H1_C13_N11_S132_s03_T1_f000178.jpg,True,1,0,True,13.66410579462007,10.767378860060777,16.308242438894023,3.1351009130168976,32.05125836354907,16,hoi4d_samples2/renderegomano_ego2_best_vs_gt_2djoints/csv/sample_0034_right_ZY20210800001_H1_C13_N11_S132_s03_T1_f000178_wilor_vs_gt.csv,hoi4d_samples2/renderegomano_ego2_best_vs_gt_2djoints/overlays/sample_0034_right_ZY20210800001_H1_C13_N11_S132_s03_T1_f000178_wilor_vs_gt.jpg
sample_0035_right_ZY20210800001_H1_C14_N15_S158_s02_T1_f000032.jpg,False,0,,,,,,,,,,
sample_0036_right_ZY20210800001_H1_C14_N15_S158_s02_T1_f000064.jpg,True,1,0,True,16.419581436509066,15.60577033113156,18.845583167418027,2.8822939834159187,35.5104674915173,20,hoi4d_samples2/renderegomano_ego2_best_vs_gt_2djoints/csv/sample_0036_right_ZY20210800001_H1_C14_N15_S158_s02_T1_f000064_wilor_vs_gt.csv,hoi4d_samples2/renderegomano_ego2_best_vs_gt_2djoints/overlays/sample_0036_right_ZY20210800001_H1_C14_N15_S158_s02_T1_f000064_wilor_vs_gt.jpg
sample_0037_right_ZY20210800001_H1_C14_N15_S158_s02_T1_f000096.jpg,True,1,0,True,57.311283820362895,56.15708231551293,63.674236393597916,14.35551790112236,105.03272469545657,17,hoi4d_samples2/renderegomano_ego2_best_vs_gt_2djoints/csv/sample_0037_right_ZY20210800001_H1_C14_N15_S158_s02_T1_f000096_wilor_vs_gt.csv,hoi4d_samples2/renderegomano_ego2_best_vs_gt_2djoints/overlays/sample_0037_right_ZY20210800001_H1_C14_N15_S158_s02_T1_f000096_wilor_vs_gt.jpg
sample_0038_right_ZY20210800001_H1_C14_N15_S158_s02_T1_f000128.jpg,True,1,0,True,16.41043399081523,13.202533631088254,19.803626540102545,2.9425330802612484,44.413510237944955,20,hoi4d_samples2/renderegomano_ego2_best_vs_gt_2djoints/csv/sample_0038_right_ZY20210800001_H1_C14_N15_S158_s02_T1_f000128_wilor_vs_gt.csv,hoi4d_samples2/renderegomano_ego2_best_vs_gt_2djoints/overlays/sample_0038_right_ZY20210800001_H1_C14_N15_S158_s02_T1_f000128_wilor_vs_gt.jpg
sample_0039_right_ZY20210800001_H1_C14_N15_S158_s02_T1_f000183.jpg,True,1,0,True,25.096564533552023,21.45650286278261,28.523482928683507,9.275255959345124,68.97037464100676,16,hoi4d_samples2/renderegomano_ego2_best_vs_gt_2djoints/csv/sample_0039_right_ZY20210800001_H1_C14_N15_S158_s02_T1_f000183_wilor_vs_gt.csv,hoi4d_samples2/renderegomano_ego2_best_vs_gt_2djoints/overlays/sample_0039_right_ZY20210800001_H1_C14_N15_S158_s02_T1_f000183_wilor_vs_gt.jpg
sample_0040_right_ZY20210800001_H1_C20_N18_S286_s01_T1_f000030.jpg,False,0,,,,,,,,,,
sample_0041_right_ZY20210800001_H1_C20_N18_S286_s01_T1_f000059.jpg,True,2,0,True,25.227591628285023,21.833841255647773,30.730061453303737,2.918597885722993,66.36075419703697,16,hoi4d_samples2/renderegomano_ego2_best_vs_gt_2djoints/csv/sample_0041_right_ZY20210800001_H1_C20_N18_S286_s01_T1_f000059_wilor_vs_gt.csv,hoi4d_samples2/renderegomano_ego2_best_vs_gt_2djoints/overlays/sample_0041_right_ZY20210800001_H1_C20_N18_S286_s01_T1_f000059_wilor_vs_gt.jpg
sample_0042_right_ZY20210800001_H1_C20_N18_S286_s01_T1_f000088.jpg,True,2,0,True,42.75923013136529,33.853829891608264,46.366842826856555,17.67230091753776,82.31153835875034,16,hoi4d_samples2/renderegomano_ego2_best_vs_gt_2djoints/csv/sample_0042_right_ZY20210800001_H1_C20_N18_S286_s01_T1_f000088_wilor_vs_gt.csv,hoi4d_samples2/renderegomano_ego2_best_vs_gt_2djoints/overlays/sample_0042_right_ZY20210800001_H1_C20_N18_S286_s01_T1_f000088_wilor_vs_gt.jpg
sample_0043_right_ZY20210800001_H1_C20_N18_S286_s01_T1_f000117.jpg,True,2,0,True,39.96315091171086,32.14873839616464,45.46366734751982,13.458453170552358,89.28560033726914,16,hoi4d_samples2/renderegomano_ego2_best_vs_gt_2djoints/csv/sample_0043_right_ZY20210800001_H1_C20_N18_S286_s01_T1_f000117_wilor_vs_gt.csv,hoi4d_samples2/renderegomano_ego2_best_vs_gt_2djoints/overlays/sample_0043_right_ZY20210800001_H1_C20_N18_S286_s01_T1_f000117_wilor_vs_gt.jpg
sample_0044_right_ZY20210800001_H1_C20_N18_S286_s01_T1_f000162.jpg,True,2,0,True,17.446991639814815,16.69572863642559,20.381937396661634,2.080903100123102,38.10885511100786,16,hoi4d_samples2/renderegomano_ego2_best_vs_gt_2djoints/csv/sample_0044_right_ZY20210800001_H1_C20_N18_S286_s01_T1_f000162_wilor_vs_gt.csv,hoi4d_samples2/renderegomano_ego2_best_vs_gt_2djoints/overlays/sample_0044_right_ZY20210800001_H1_C20_N18_S286_s01_T1_f000162_wilor_vs_gt.jpg
sample_0045_right_ZY20210800002_H2_C1_N01_S336_s02_T1_f000000.jpg,True,1,0,True,16.53490379459086,14.06762720112236,18.872098241656232,2.0658592877566324,37.14873624881068,1,hoi4d_samples2/renderegomano_ego2_best_vs_gt_2djoints/csv/sample_0045_right_ZY20210800002_H2_C1_N01_S336_s02_T1_f000000_wilor_vs_gt.csv,hoi4d_samples2/renderegomano_ego2_best_vs_gt_2djoints/overlays/sample_0045_right_ZY20210800002_H2_C1_N01_S336_s02_T1_f000000_wilor_vs_gt.jpg
sample_0046_right_ZY20210800002_H2_C1_N01_S336_s02_T1_f000042.jpg,True,1,0,True,20.408571160369338,21.224571657309625,22.321473599593975,2.222265266965588,35.1062518295962,1,hoi4d_samples2/renderegomano_ego2_best_vs_gt_2djoints/csv/sample_0046_right_ZY20210800002_H2_C1_N01_S336_s02_T1_f000042_wilor_vs_gt.csv,hoi4d_samples2/renderegomano_ego2_best_vs_gt_2djoints/overlays/sample_0046_right_ZY20210800002_H2_C1_N01_S336_s02_T1_f000042_wilor_vs_gt.jpg
sample_0047_right_ZY20210800002_H2_C1_N01_S336_s02_T1_f000085.jpg,True,1,0,True,19.664557786761616,22.55726253957871,21.81495676112106,3.2858866347143567,34.250972094671624,17,hoi4d_samples2/renderegomano_ego2_best_vs_gt_2djoints/csv/sample_0047_right_ZY20210800002_H2_C1_N01_S336_s02_T1_f000085_wilor_vs_gt.csv,hoi4d_samples2/renderegomano_ego2_best_vs_gt_2djoints/overlays/sample_0047_right_ZY20210800002_H2_C1_N01_S336_s02_T1_f000085_wilor_vs_gt.jpg
sample_0048_right_ZY20210800002_H2_C1_N01_S336_s02_T1_f000128.jpg,True,1,0,True,20.529821994381603,21.927288264008236,22.434187653065308,4.391534004005643,36.5382858389678,16,hoi4d_samples2/renderegomano_ego2_best_vs_gt_2djoints/csv/sample_0048_right_ZY20210800002_H2_C1_N01_S336_s02_T1_f000128_wilor_vs_gt.csv,hoi4d_samples2/renderegomano_ego2_best_vs_gt_2djoints/overlays/sample_0048_right_ZY20210800002_H2_C1_N01_S336_s02_T1_f000128_wilor_vs_gt.jpg
sample_0049_right_ZY20210800002_H2_C1_N01_S336_s02_T1_f000170.jpg,True,1,0,True,15.972948139695605,15.082135863955262,17.43992330222914,4.8128150927357884,29.854902822842337,8,hoi4d_samples2/renderegomano_ego2_best_vs_gt_2djoints/csv/sample_0049_right_ZY20210800002_H2_C1_N01_S336_s02_T1_f000170_wilor_vs_gt.csv,hoi4d_samples2/renderegomano_ego2_best_vs_gt_2djoints/overlays/sample_0049_right_ZY20210800002_H2_C1_N01_S336_s02_T1_f000170_wilor_vs_gt.jpg
sample_0050_right_ZY20210800002_H2_C2_N11_S25_s01_T1_f000000.jpg,True,1,0,True,14.507992593503038,12.758372052922251,16.927149540176096,0.2551670462758957,34.21336789115948,12,hoi4d_samples2/renderegomano_ego2_best_vs_gt_2djoints/csv/sample_0050_right_ZY20210800002_H2_C2_N11_S25_s01_T1_f000000_wilor_vs_gt.csv,hoi4d_samples2/renderegomano_ego2_best_vs_gt_2djoints/overlays/sample_0050_right_ZY20210800002_H2_C2_N11_S25_s01_T1_f000000_wilor_vs_gt.jpg
sample_0051_right_ZY20210800002_H2_C2_N11_S25_s01_T1_f000042.jpg,True,1,0,True,40.54622183679288,31.95078407913652,44.72388373747694,14.395622023296376,74.7729999594252,18,hoi4d_samples2/renderegomano_ego2_best_vs_gt_2djoints/csv/sample_0051_right_ZY20210800002_H2_C2_N11_S25_s01_T1_f000042_wilor_vs_gt.csv,hoi4d_samples2/renderegomano_ego2_best_vs_gt_2djoints/overlays/sample_0051_right_ZY20210800002_H2_C2_N11_S25_s01_T1_f000042_wilor_vs_gt.jpg
sample_0052_right_ZY20210800002_H2_C2_N11_S25_s01_T1_f000085.jpg,True,1,0,True,37.318828736138364,43.01897919848869,40.633896762471224,3.5534092712725736,61.60123290192691,18,hoi4d_samples2/renderegomano_ego2_best_vs_gt_2djoints/csv/sample_0052_right_ZY20210800002_H2_C2_N11_S25_s01_T1_f000085_wilor_vs_gt.csv,hoi4d_samples2/renderegomano_ego2_best_vs_gt_2djoints/overlays/sample_0052_right_ZY20210800002_H2_C2_N11_S25_s01_T1_f000085_wilor_vs_gt.jpg
sample_0053_right_ZY20210800002_H2_C2_N11_S25_s01_T1_f000128.jpg,True,1,0,True,39.00477163061525,40.810638995955486,43.93587212403462,2.6794119490257446,83.21253066106505,16,hoi4d_samples2/renderegomano_ego2_best_vs_gt_2djoints/csv/sample_0053_right_ZY20210800002_H2_C2_N11_S25_s01_T1_f000128_wilor_vs_gt.csv,hoi4d_samples2/renderegomano_ego2_best_vs_gt_2djoints/overlays/sample_0053_right_ZY20210800002_H2_C2_N11_S25_s01_T1_f000128_wilor_vs_gt.jpg
sample_0054_right_ZY20210800002_H2_C2_N11_S25_s01_T1_f000170.jpg,True,1,0,True,31.814536255633975,29.447652085491978,34.74653488793749,13.435560532402265,60.7690072104162,16,hoi4d_samples2/renderegomano_ego2_best_vs_gt_2djoints/csv/sample_0054_right_ZY20210800002_H2_C2_N11_S25_s01_T1_f000170_wilor_vs_gt.csv,hoi4d_samples2/renderegomano_ego2_best_vs_gt_2djoints/overlays/sample_0054_right_ZY20210800002_H2_C2_N11_S25_s01_T1_f000170_wilor_vs_gt.jpg
sample_0055_right_ZY20210800002_H2_C3_N02_S354_s01_T2_f000022.jpg,False,0,,,,,,,,,,
sample_0056_right_ZY20210800002_H2_C3_N02_S354_s01_T2_f000055.jpg,True,1,0,True,18.704296996029278,16.929152545389854,21.076620360090676,2.8410611068628517,41.117768933887255,12,hoi4d_samples2/renderegomano_ego2_best_vs_gt_2djoints/csv/sample_0056_right_ZY20210800002_H2_C3_N02_S354_s01_T2_f000055_wilor_vs_gt.csv,hoi4d_samples2/renderegomano_ego2_best_vs_gt_2djoints/overlays/sample_0056_right_ZY20210800002_H2_C3_N02_S354_s01_T2_f000055_wilor_vs_gt.jpg
sample_0057_right_ZY20210800002_H2_C3_N02_S354_s01_T2_f000089.jpg,True,1,0,True,30.23772074558365,31.867186589578857,34.3982932272604,7.766222360918813,60.4621256318341,8,hoi4d_samples2/renderegomano_ego2_best_vs_gt_2djoints/csv/sample_0057_right_ZY20210800002_H2_C3_N02_S354_s01_T2_f000089_wilor_vs_gt.csv,hoi4d_samples2/renderegomano_ego2_best_vs_gt_2djoints/overlays/sample_0057_right_ZY20210800002_H2_C3_N02_S354_s01_T2_f000089_wilor_vs_gt.jpg
sample_0058_right_ZY20210800002_H2_C3_N02_S354_s01_T2_f000122.jpg,True,1,0,True,44.91479972606061,40.64260458332392,48.531239767881026,5.903631796874153,74.85747409016223,18,hoi4d_samples2/renderegomano_ego2_best_vs_gt_2djoints/csv/sample_0058_right_ZY20210800002_H2_C3_N02_S354_s01_T2_f000122_wilor_vs_gt.csv,hoi4d_samples2/renderegomano_ego2_best_vs_gt_2djoints/overlays/sample_0058_right_ZY20210800002_H2_C3_N02_S354_s01_T2_f000122_wilor_vs_gt.jpg
sample_0059_right_ZY20210800002_H2_C3_N02_S354_s01_T2_f000181.jpg,True,1,0,True,18.240708208407284,17.894680003838843,20.388077472246334,4.557424264522863,36.17457809652234,16,hoi4d_samples2/renderegomano_ego2_best_vs_gt_2djoints/csv/sample_0059_right_ZY20210800002_H2_C3_N02_S354_s01_T2_f000181_wilor_vs_gt.csv,hoi4d_samples2/renderegomano_ego2_best_vs_gt_2djoints/overlays/sample_0059_right_ZY20210800002_H2_C3_N02_S354_s01_T2_f000181_wilor_vs_gt.jpg
sample_0060_right_ZY20210800002_H2_C5_N11_S121_s01_T3_f000000.jpg,True,1,0,True,27.19151508229522,18.37308934230039,38.08396840188869,0.5740994082886282,95.06440450883679,16,hoi4d_samples2/renderegomano_ego2_best_vs_gt_2djoints/csv/sample_0060_right_ZY20210800002_H2_C5_N11_S121_s01_T3_f000000_wilor_vs_gt.csv,hoi4d_samples2/renderegomano_ego2_best_vs_gt_2djoints/overlays/sample_0060_right_ZY20210800002_H2_C5_N11_S121_s01_T3_f000000_wilor_vs_gt.jpg
sample_0061_right_ZY20210800002_H2_C5_N11_S121_s01_T3_f000042.jpg,True,1,0,True,15.60225808436644,13.817526921245966,17.920562409625365,3.6461277278046875,42.773812391475914,16,hoi4d_samples2/renderegomano_ego2_best_vs_gt_2djoints/csv/sample_0061_right_ZY20210800002_H2_C5_N11_S121_s01_T3_f000042_wilor_vs_gt.csv,hoi4d_samples2/renderegomano_ego2_best_vs_gt_2djoints/overlays/sample_0061_right_ZY20210800002_H2_C5_N11_S121_s01_T3_f000042_wilor_vs_gt.jpg
sample_0062_right_ZY20210800002_H2_C5_N11_S121_s01_T3_f000085.jpg,True,1,0,True,14.898807211293924,12.979711671230174,17.825183858613087,2.0210548654081117,41.76145095233549,16,hoi4d_samples2/renderegomano_ego2_best_vs_gt_2djoints/csv/sample_0062_right_ZY20210800002_H2_C5_N11_S121_s01_T3_f000085_wilor_vs_gt.csv,hoi4d_samples2/renderegomano_ego2_best_vs_gt_2djoints/overlays/sample_0062_right_ZY20210800002_H2_C5_N11_S121_s01_T3_f000085_wilor_vs_gt.jpg
sample_0063_right_ZY20210800002_H2_C5_N11_S121_s01_T3_f000128.jpg,True,1,0,True,19.444990027286664,17.561474094449885,21.93173897664484,5.518934589514214,44.14820298561423,12,hoi4d_samples2/renderegomano_ego2_best_vs_gt_2djoints/csv/sample_0063_right_ZY20210800002_H2_C5_N11_S121_s01_T3_f000128_wilor_vs_gt.csv,hoi4d_samples2/renderegomano_ego2_best_vs_gt_2djoints/overlays/sample_0063_right_ZY20210800002_H2_C5_N11_S121_s01_T3_f000128_wilor_vs_gt.jpg
sample_0064_right_ZY20210800002_H2_C5_N11_S121_s01_T3_f000170.jpg,True,1,0,True,16.000258786882068,11.448455977922826,21.034849217567,2.176677926584152,54.95837718694368,16,hoi4d_samples2/renderegomano_ego2_best_vs_gt_2djoints/csv/sample_0064_right_ZY20210800002_H2_C5_N11_S121_s01_T3_f000170_wilor_vs_gt.csv,hoi4d_samples2/renderegomano_ego2_best_vs_gt_2djoints/overlays/sample_0064_right_ZY20210800002_H2_C5_N11_S121_s01_T3_f000170_wilor_vs_gt.jpg
sample_0065_right_ZY20210800002_H2_C7_N11_S64_s01_T1_f000000.jpg,True,1,0,True,13.841930623922186,14.091211858014384,15.96614739237681,4.171711565327488,33.8505730917414,20,hoi4d_samples2/renderegomano_ego2_best_vs_gt_2djoints/csv/sample_0065_right_ZY20210800002_H2_C7_N11_S64_s01_T1_f000000_wilor_vs_gt.csv,hoi4d_samples2/renderegomano_ego2_best_vs_gt_2djoints/overlays/sample_0065_right_ZY20210800002_H2_C7_N11_S64_s01_T1_f000000_wilor_vs_gt.jpg
sample_0066_right_ZY20210800002_H2_C7_N11_S64_s01_T1_f000042.jpg,True,1,0,True,17.001599171786367,18.271816544339774,18.682167139207348,4.056080897105987,33.29842375076208,17,hoi4d_samples2/renderegomano_ego2_best_vs_gt_2djoints/csv/sample_0066_right_ZY20210800002_H2_C7_N11_S64_s01_T1_f000042_wilor_vs_gt.csv,hoi4d_samples2/renderegomano_ego2_best_vs_gt_2djoints/overlays/sample_0066_right_ZY20210800002_H2_C7_N11_S64_s01_T1_f000042_wilor_vs_gt.jpg
sample_0067_right_ZY20210800002_H2_C7_N11_S64_s01_T1_f000085.jpg,True,1,0,True,21.552076094625555,19.86677812845691,23.148782810651447,7.552679889838545,41.09867756208784,8,hoi4d_samples2/renderegomano_ego2_best_vs_gt_2djoints/csv/sample_0067_right_ZY20210800002_H2_C7_N11_S64_s01_T1_f000085_wilor_vs_gt.csv,hoi4d_samples2/renderegomano_ego2_best_vs_gt_2djoints/overlays/sample_0067_right_ZY20210800002_H2_C7_N11_S64_s01_T1_f000085_wilor_vs_gt.jpg
sample_0068_right_ZY20210800002_H2_C7_N11_S64_s01_T1_f000128.jpg,True,1,0,True,15.606787957841851,16.040612032569417,17.29613668414499,3.3983321781938547,31.98188448388944,12,hoi4d_samples2/renderegomano_ego2_best_vs_gt_2djoints/csv/sample_0068_right_ZY20210800002_H2_C7_N11_S64_s01_T1_f000128_wilor_vs_gt.csv,hoi4d_samples2/renderegomano_ego2_best_vs_gt_2djoints/overlays/sample_0068_right_ZY20210800002_H2_C7_N11_S64_s01_T1_f000128_wilor_vs_gt.jpg
sample_0069_right_ZY20210800002_H2_C7_N11_S64_s01_T1_f000170.jpg,True,1,0,True,30.450267779536052,33.615803549787856,33.44850647921857,5.389842424739504,52.015231801801725,17,hoi4d_samples2/renderegomano_ego2_best_vs_gt_2djoints/csv/sample_0069_right_ZY20210800002_H2_C7_N11_S64_s01_T1_f000170_wilor_vs_gt.csv,hoi4d_samples2/renderegomano_ego2_best_vs_gt_2djoints/overlays/sample_0069_right_ZY20210800002_H2_C7_N11_S64_s01_T1_f000170_wilor_vs_gt.jpg
sample_0070_right_ZY20210800002_H2_C12_N11_S154_s03_T1_f000026.jpg,False,0,,,,,,,,,,
sample_0071_right_ZY20210800002_H2_C12_N11_S154_s03_T1_f000059.jpg,True,1,0,True,13.8483109016455,12.28107164962622,15.170880802108101,4.668798021052968,29.96598781615333,20,hoi4d_samples2/renderegomano_ego2_best_vs_gt_2djoints/csv/sample_0071_right_ZY20210800002_H2_C12_N11_S154_s03_T1_f000059_wilor_vs_gt.csv,hoi4d_samples2/renderegomano_ego2_best_vs_gt_2djoints/overlays/sample_0071_right_ZY20210800002_H2_C12_N11_S154_s03_T1_f000059_wilor_vs_gt.jpg
sample_0072_right_ZY20210800002_H2_C12_N11_S154_s03_T1_f000092.jpg,True,1,0,True,26.016476390011537,20.882963546498512,31.82461542229139,3.8366919443758887,76.72426246496858,20,hoi4d_samples2/renderegomano_ego2_best_vs_gt_2djoints/csv/sample_0072_right_ZY20210800002_H2_C12_N11_S154_s03_T1_f000092_wilor_vs_gt.csv,hoi4d_samples2/renderegomano_ego2_best_vs_gt_2djoints/overlays/sample_0072_right_ZY20210800002_H2_C12_N11_S154_s03_T1_f000092_wilor_vs_gt.jpg
sample_0073_right_ZY20210800002_H2_C12_N11_S154_s03_T1_f000125.jpg,True,1,0,True,20.33979203642065,16.93804796203904,25.154399083051842,1.7743553410136732,60.159273939051275,16,hoi4d_samples2/renderegomano_ego2_best_vs_gt_2djoints/csv/sample_0073_right_ZY20210800002_H2_C12_N11_S154_s03_T1_f000125_wilor_vs_gt.csv,hoi4d_samples2/renderegomano_ego2_best_vs_gt_2djoints/overlays/sample_0073_right_ZY20210800002_H2_C12_N11_S154_s03_T1_f000125_wilor_vs_gt.jpg
sample_0074_right_ZY20210800002_H2_C12_N11_S154_s03_T1_f000190.jpg,True,1,0,True,13.465816220216945,10.70640995055912,15.999575914921339,4.238624892828256,31.880691449413032,20,hoi4d_samples2/renderegomano_ego2_best_vs_gt_2djoints/csv/sample_0074_right_ZY20210800002_H2_C12_N11_S154_s03_T1_f000190_wilor_vs_gt.csv,hoi4d_samples2/renderegomano_ego2_best_vs_gt_2djoints/overlays/sample_0074_right_ZY20210800002_H2_C12_N11_S154_s03_T1_f000190_wilor_vs_gt.jpg
sample_0075_right_ZY20210800002_H2_C13_N11_S124_s03_T1_f000027.jpg,False,0,,,,,,,,,,
sample_0076_right_ZY20210800002_H2_C13_N11_S124_s03_T1_f000060.jpg,True,1,0,True,11.632890831833873,10.759908011493721,13.318655032900171,0.7294319081966866,25.88632884896873,20,hoi4d_samples2/renderegomano_ego2_best_vs_gt_2djoints/csv/sample_0076_right_ZY20210800002_H2_C13_N11_S124_s03_T1_f000060_wilor_vs_gt.csv,hoi4d_samples2/renderegomano_ego2_best_vs_gt_2djoints/overlays/sample_0076_right_ZY20210800002_H2_C13_N11_S124_s03_T1_f000060_wilor_vs_gt.jpg
sample_0077_right_ZY20210800002_H2_C13_N11_S124_s03_T1_f000093.jpg,True,1,0,True,18.689093504849502,15.620279486463803,22.284364620011985,4.530626742891773,44.05084885993485,20,hoi4d_samples2/renderegomano_ego2_best_vs_gt_2djoints/csv/sample_0077_right_ZY20210800002_H2_C13_N11_S124_s03_T1_f000093_wilor_vs_gt.csv,hoi4d_samples2/renderegomano_ego2_best_vs_gt_2djoints/overlays/sample_0077_right_ZY20210800002_H2_C13_N11_S124_s03_T1_f000093_wilor_vs_gt.jpg
sample_0078_right_ZY20210800002_H2_C13_N11_S124_s03_T1_f000127.jpg,True,1,0,True,18.25312323690934,13.81708849828639,22.987555747300384,2.0882184000615087,54.3709073376634,4,hoi4d_samples2/renderegomano_ego2_best_vs_gt_2djoints/csv/sample_0078_right_ZY20210800002_H2_C13_N11_S124_s03_T1_f000127_wilor_vs_gt.csv,hoi4d_samples2/renderegomano_ego2_best_vs_gt_2djoints/overlays/sample_0078_right_ZY20210800002_H2_C13_N11_S124_s03_T1_f000127_wilor_vs_gt.jpg
sample_0079_right_ZY20210800002_H2_C13_N11_S124_s03_T1_f000179.jpg,True,1,0,True,14.971017629037837,12.351259727464786,16.951804418216334,3.597801151733208,35.6850356591561,4,hoi4d_samples2/renderegomano_ego2_best_vs_gt_2djoints/csv/sample_0079_right_ZY20210800002_H2_C13_N11_S124_s03_T1_f000179_wilor_vs_gt.csv,hoi4d_samples2/renderegomano_ego2_best_vs_gt_2djoints/overlays/sample_0079_right_ZY20210800002_H2_C13_N11_S124_s03_T1_f000179_wilor_vs_gt.jpg
sample_0080_right_ZY20210800002_H2_C14_N11_S161_s03_T1_f000023.jpg,False,0,,,,,,,,,,
sample_0081_right_ZY20210800002_H2_C14_N11_S161_s03_T1_f000059.jpg,True,1,0,True,18.900335591396395,19.2311538436328,20.301520493649317,3.079834863131137,36.463468498527455,16,hoi4d_samples2/renderegomano_ego2_best_vs_gt_2djoints/csv/sample_0081_right_ZY20210800002_H2_C14_N11_S161_s03_T1_f000059_wilor_vs_gt.csv,hoi4d_samples2/renderegomano_ego2_best_vs_gt_2djoints/overlays/sample_0081_right_ZY20210800002_H2_C14_N11_S161_s03_T1_f000059_wilor_vs_gt.jpg
sample_0082_right_ZY20210800002_H2_C14_N11_S161_s03_T1_f000095.jpg,True,1,0,True,42.460741307406906,40.515880913860386,47.57368521375737,5.884120113509207,97.17644958338722,16,hoi4d_samples2/renderegomano_ego2_best_vs_gt_2djoints/csv/sample_0082_right_ZY20210800002_H2_C14_N11_S161_s03_T1_f000095_wilor_vs_gt.csv,hoi4d_samples2/renderegomano_ego2_best_vs_gt_2djoints/overlays/sample_0082_right_ZY20210800002_H2_C14_N11_S161_s03_T1_f000095_wilor_vs_gt.jpg
sample_0083_right_ZY20210800002_H2_C14_N11_S161_s03_T1_f000131.jpg,True,1,0,True,18.476072889995848,18.023530999628587,21.087039647913915,4.071560306439419,36.78552290880653,8,hoi4d_samples2/renderegomano_ego2_best_vs_gt_2djoints/csv/sample_0083_right_ZY20210800002_H2_C14_N11_S161_s03_T1_f000131_wilor_vs_gt.csv,hoi4d_samples2/renderegomano_ego2_best_vs_gt_2djoints/overlays/sample_0083_right_ZY20210800002_H2_C14_N11_S161_s03_T1_f000131_wilor_vs_gt.jpg
sample_0084_right_ZY20210800002_H2_C14_N11_S161_s03_T1_f000191.jpg,True,1,0,True,20.63455013546728,20.42120446054328,21.30782693253484,8.479846360664018,33.162785193498586,4,hoi4d_samples2/renderegomano_ego2_best_vs_gt_2djoints/csv/sample_0084_right_ZY20210800002_H2_C14_N11_S161_s03_T1_f000191_wilor_vs_gt.csv,hoi4d_samples2/renderegomano_ego2_best_vs_gt_2djoints/overlays/sample_0084_right_ZY20210800002_H2_C14_N11_S161_s03_T1_f000191_wilor_vs_gt.jpg
sample_0085_right_ZY20210800002_H2_C20_N11_S271_s03_T1_f000056.jpg,False,0,,,,,,,,,,
sample_0086_right_ZY20210800002_H2_C20_N11_S271_s03_T1_f000080.jpg,True,2,0,True,25.58666916903053,22.60559753777122,29.676133227752047,6.387156838665363,56.437370108590144,16,hoi4d_samples2/renderegomano_ego2_best_vs_gt_2djoints/csv/sample_0086_right_ZY20210800002_H2_C20_N11_S271_s03_T1_f000080_wilor_vs_gt.csv,hoi4d_samples2/renderegomano_ego2_best_vs_gt_2djoints/overlays/sample_0086_right_ZY20210800002_H2_C20_N11_S271_s03_T1_f000080_wilor_vs_gt.jpg
sample_0087_right_ZY20210800002_H2_C20_N11_S271_s03_T1_f000104.jpg,True,2,0,True,27.308181546872554,28.681903261288205,28.62061349034058,9.040831759707906,41.11436323486405,11,hoi4d_samples2/renderegomano_ego2_best_vs_gt_2djoints/csv/sample_0087_right_ZY20210800002_H2_C20_N11_S271_s03_T1_f000104_wilor_vs_gt.csv,hoi4d_samples2/renderegomano_ego2_best_vs_gt_2djoints/overlays/sample_0087_right_ZY20210800002_H2_C20_N11_S271_s03_T1_f000104_wilor_vs_gt.jpg
sample_0088_right_ZY20210800002_H2_C20_N11_S271_s03_T1_f000128.jpg,True,2,1,True,32.610147499803645,35.18706338771008,36.01480393068562,8.550869105433604,70.76921262144016,8,hoi4d_samples2/renderegomano_ego2_best_vs_gt_2djoints/csv/sample_0088_right_ZY20210800002_H2_C20_N11_S271_s03_T1_f000128_wilor_vs_gt.csv,hoi4d_samples2/renderegomano_ego2_best_vs_gt_2djoints/overlays/sample_0088_right_ZY20210800002_H2_C20_N11_S271_s03_T1_f000128_wilor_vs_gt.jpg
sample_0089_right_ZY20210800002_H2_C20_N11_S271_s03_T1_f000173.jpg,True,2,1,True,20.226119850779178,19.31803598809151,22.741066335655987,6.448619138822909,50.78977448686761,8,hoi4d_samples2/renderegomano_ego2_best_vs_gt_2djoints/csv/sample_0089_right_ZY20210800002_H2_C20_N11_S271_s03_T1_f000173_wilor_vs_gt.csv,hoi4d_samples2/renderegomano_ego2_best_vs_gt_2djoints/overlays/sample_0089_right_ZY20210800002_H2_C20_N11_S271_s03_T1_f000173_wilor_vs_gt.jpg
sample_0090_right_ZY20210800003_H3_C1_N02_S86_s01_T1_f000000.jpg,True,1,0,True,15.113264711850904,13.434911301124494,17.276191875035742,1.6047644230402736,29.11183135356869,1,hoi4d_samples2/renderegomano_ego2_best_vs_gt_2djoints/csv/sample_0090_right_ZY20210800003_H3_C1_N02_S86_s01_T1_f000000_wilor_vs_gt.csv,hoi4d_samples2/renderegomano_ego2_best_vs_gt_2djoints/overlays/sample_0090_right_ZY20210800003_H3_C1_N02_S86_s01_T1_f000000_wilor_vs_gt.jpg
sample_0091_right_ZY20210800003_H3_C1_N02_S86_s01_T1_f000042.jpg,True,1,0,True,15.056250593002826,12.977710544625273,17.115495301211073,2.34136292411449,30.858364472865038,12,hoi4d_samples2/renderegomano_ego2_best_vs_gt_2djoints/csv/sample_0091_right_ZY20210800003_H3_C1_N02_S86_s01_T1_f000042_wilor_vs_gt.csv,hoi4d_samples2/renderegomano_ego2_best_vs_gt_2djoints/overlays/sample_0091_right_ZY20210800003_H3_C1_N02_S86_s01_T1_f000042_wilor_vs_gt.jpg
sample_0092_right_ZY20210800003_H3_C1_N02_S86_s01_T1_f000085.jpg,True,1,0,True,17.670833095222346,18.46672688132527,19.68770937933186,4.361594084827373,35.060153743762,12,hoi4d_samples2/renderegomano_ego2_best_vs_gt_2djoints/csv/sample_0092_right_ZY20210800003_H3_C1_N02_S86_s01_T1_f000085_wilor_vs_gt.csv,hoi4d_samples2/renderegomano_ego2_best_vs_gt_2djoints/overlays/sample_0092_right_ZY20210800003_H3_C1_N02_S86_s01_T1_f000085_wilor_vs_gt.jpg
sample_0093_right_ZY20210800003_H3_C1_N02_S86_s01_T1_f000128.jpg,True,1,0,True,16.17731126296941,12.760826230292386,19.43099265830724,1.0201148704869138,39.64352118261307,1,hoi4d_samples2/renderegomano_ego2_best_vs_gt_2djoints/csv/sample_0093_right_ZY20210800003_H3_C1_N02_S86_s01_T1_f000128_wilor_vs_gt.csv,hoi4d_samples2/renderegomano_ego2_best_vs_gt_2djoints/overlays/sample_0093_right_ZY20210800003_H3_C1_N02_S86_s01_T1_f000128_wilor_vs_gt.jpg
sample_0094_right_ZY20210800003_H3_C1_N02_S86_s01_T1_f000170.jpg,True,1,0,True,18.062407297314365,16.20890068451916,19.750169199251385,5.782664519031994,35.15231841779827,12,hoi4d_samples2/renderegomano_ego2_best_vs_gt_2djoints/csv/sample_0094_right_ZY20210800003_H3_C1_N02_S86_s01_T1_f000170_wilor_vs_gt.csv,hoi4d_samples2/renderegomano_ego2_best_vs_gt_2djoints/overlays/sample_0094_right_ZY20210800003_H3_C1_N02_S86_s01_T1_f000170_wilor_vs_gt.jpg
sample_0095_right_ZY20210800003_H3_C2_N11_S215_s03_T5_f000021.jpg,False,0,,,,,,,,,,
sample_0096_right_ZY20210800003_H3_C2_N11_S215_s03_T5_f000055.jpg,True,1,0,False,40.117389603107256,41.14604538229633,46.73030689987425,2.5300387851942454,92.07583746084595,17,hoi4d_samples2/renderegomano_ego2_best_vs_gt_2djoints/csv/sample_0096_right_ZY20210800003_H3_C2_N11_S215_s03_T5_f000055_wilor_vs_gt.csv,hoi4d_samples2/renderegomano_ego2_best_vs_gt_2djoints/overlays/sample_0096_right_ZY20210800003_H3_C2_N11_S215_s03_T5_f000055_wilor_vs_gt.jpg
sample_0097_right_ZY20210800003_H3_C2_N11_S215_s03_T5_f000089.jpg,True,1,0,True,23.212077275642166,21.62410196468282,28.050778047480883,1.7640775982723371,55.98458267134669,6,hoi4d_samples2/renderegomano_ego2_best_vs_gt_2djoints/csv/sample_0097_right_ZY20210800003_H3_C2_N11_S215_s03_T5_f000089_wilor_vs_gt.csv,hoi4d_samples2/renderegomano_ego2_best_vs_gt_2djoints/overlays/sample_0097_right_ZY20210800003_H3_C2_N11_S215_s03_T5_f000089_wilor_vs_gt.jpg
sample_0098_right_ZY20210800003_H3_C2_N11_S215_s03_T5_f000123.jpg,True,1,0,True,20.380791970911794,15.00625738730501,25.159105395698703,3.781640663143032,58.596967810743244,12,hoi4d_samples2/renderegomano_ego2_best_vs_gt_2djoints/csv/sample_0098_right_ZY20210800003_H3_C2_N11_S215_s03_T5_f000123_wilor_vs_gt.csv,hoi4d_samples2/renderegomano_ego2_best_vs_gt_2djoints/overlays/sample_0098_right_ZY20210800003_H3_C2_N11_S215_s03_T5_f000123_wilor_vs_gt.jpg
sample_0099_right_ZY20210800003_H3_C2_N11_S215_s03_T5_f000168.jpg,True,1,0,True,16.740976522971682,15.374825865376803,18.646299215239395,3.7890784273107783,33.11686562221767,20,hoi4d_samples2/renderegomano_ego2_best_vs_gt_2djoints/csv/sample_0099_right_ZY20210800003_H3_C2_N11_S215_s03_T5_f000168_wilor_vs_gt.csv,hoi4d_samples2/renderegomano_ego2_best_vs_gt_2djoints/overlays/sample_0099_right_ZY20210800003_H3_C2_N11_S215_s03_T5_f000168_wilor_vs_gt.jpg
